pt1_cam1_X,pt1_cam1_Y,pt2_cam1_X,pt2_cam1_Y,pt3_cam1_X,pt3_cam1_Y,pt4_cam1_X,pt4_cam1_Y,pt5_cam1_X,pt5_cam1_Y,pt6_cam1_X,pt6_cam1_Y,pt7_cam1_X,pt7_cam1_Y,pt8_cam1_X,pt8_cam1_Y,pt9_cam1_X,pt9_cam1_Y,pt10_cam1_X,pt10_cam1_Y,pt11_cam1_X,pt11_cam1_Y
759.312087,824.299667,725.938925,1002.618985,747.318798,752.194415,686.198736,1266.827058,1068.033698,1174.877121,466.690372,1322.734509,NaN,NaN,667.040879,1255.078486,777.414226,1110.190965,-0.438761,0.102305,922.073355,961.635779
759.227814,824.088661,725.938925,1002.618985,747.318798,751.901713,686.198736,1266.990507,1068.000000,1175.000000,2026.854229,1418.081429,651.928943,995.386314,679.251766,1102.777562,768.545720,1228.091779,3840.376790,2159.988473,922.000000,962.000000
758.890719,824.088661,725.938925,1002.618985,747.201896,751.901713,686.198736,1266.990507,1068.000000,1175.000000,NaN,NaN,798.783670,1006.949096,NaN,NaN,762.151590,1313.646074,NaN,NaN,922.000000,962.000000
758.890719,823.983159,725.804216,1002.239540,747.201896,751.901713,686.198736,1266.990507,1067.990000,1174.820000,NaN,NaN,NaN,NaN,NaN,NaN,NaN,NaN,NaN,NaN,922.030000,961.830000
759.227814,824.194164,725.871570,1001.860095,747.669505,751.901713,686.198736,1266.091537,1068.060000,1174.830000,NaN,NaN,NaN,NaN,NaN,NaN,NaN,NaN,NaN,NaN,922.110000,961.860000
759.143540,823.772154,725.871570,1001.607131,747.669505,751.901713,686.198736,1266.091537,1067.990000,1174.810000,NaN,NaN,NaN,NaN,NaN,NaN,NaN,NaN,NaN,NaN,922.040000,961.820000
759.143540,823.455646,725.871570,1001.438489,747.669505,751.609012,686.198736,1266.009812,1067.980000,1173.810000,NaN,NaN,NaN,NaN,NaN,NaN,NaN,NaN,NaN,NaN,922.030000,961.840000
758.637898,823.561148,725.770539,1001.312007,747.669505,750.877259,686.068175,1265.356016,1067.950000,1173.870000,NaN,NaN,NaN,NaN,NaN,NaN,NaN,NaN,NaN,NaN,922.073355,961.098442
759.143540,823.666651,725.400091,1000.848241,747.669505,750.877259,686.068175,1265.356016,1067.970000,1173.950000,NaN,NaN,NaN,NaN,NaN,NaN,NaN,NaN,NaN,NaN,921.920000,960.940000
759.143540,823.033635,725.669508,1000.763920,747.669505,750.877259,686.068175,1264.865669,1068.010000,1173.810000,NaN,NaN,NaN,NaN,NaN,NaN,NaN,NaN,NaN,NaN,921.960000,960.480000
759.143540,823.244640,725.602153,1000.721759,747.669505,750.877259,686.068175,1264.865669,1068.207707,1173.612759,NaN,NaN,NaN,NaN,NaN,NaN,NaN,NaN,NaN,NaN,922.100000,959.950000
758.974993,822.822630,726.174665,1000.510956,748.120000,750.790000,686.068175,1264.538770,1068.327493,1173.280523,NaN,NaN,NaN,NaN,NaN,NaN,NaN,NaN,NaN,NaN,921.970000,959.490000
759.564908,822.189614,726.140987,1000.257993,748.010000,750.830000,686.068175,1264.538770,1067.848348,1173.413417,NaN,NaN,NaN,NaN,NaN,NaN,NaN,NaN,NaN,NaN,922.073355,960.484342
759.059266,822.084111,726.376727,999.583424,747.960000,750.830000,686.982097,1264.211872,1067.788455,1172.815393,NaN,NaN,NaN,NaN,NaN,NaN,NaN,NaN,NaN,NaN,922.107960,959.716717
758.553624,821.873106,726.073633,999.541263,747.920000,750.830000,686.329296,1264.211872,1068.028027,1172.748945,NaN,NaN,NaN,NaN,NaN,NaN,NaN,NaN,NaN,NaN,922.177171,959.409667
759.312087,821.556598,726.107310,999.456942,748.110000,750.860000,686.329296,1264.211872,1068.028027,1172.350262,NaN,NaN,NaN,NaN,NaN,NaN,NaN,NaN,NaN,NaN,922.177171,959.064235
758.806445,820.923582,726.242019,999.499102,747.980000,750.920000,686.394576,1264.211872,1068.147814,1171.885132,NaN,NaN,NaN,NaN,NaN,NaN,NaN,NaN,NaN,NaN,922.177171,959.064235
758.553624,820.923582,726.275696,998.993175,748.020000,750.840000,686.525136,1263.639800,1068.028027,1172.483157,NaN,NaN,NaN,NaN,NaN,NaN,NaN,NaN,NaN,NaN,922.177171,958.642042
759.227814,820.712577,726.275696,998.993175,748.080000,750.870000,686.459856,1262.986004,1068.147814,1171.552896,NaN,NaN,NaN,NaN,NaN,NaN,NaN,NaN,NaN,NaN,922.177171,958.642042
758.974993,820.501572,726.107310,998.908854,747.940000,750.860000,686.002895,1262.740830,1068.147814,1172.018026,NaN,NaN,NaN,NaN,NaN,NaN,NaN,NaN,NaN,NaN,922.246382,957.874417
758.890719,820.079561,726.107310,998.908854,748.000000,750.810000,686.002895,1262.740830,1068.000000,1171.870000,NaN,NaN,NaN,NaN,NaN,NaN,NaN,NaN,NaN,NaN,922.315592,957.759273
758.300803,819.446545,726.071965,999.058850,747.990000,751.000000,686.329296,1262.740830,1067.990000,1171.970000,NaN,NaN,NaN,NaN,NaN,NaN,NaN,NaN,NaN,NaN,922.315592,957.720892
759.307397,820.474241,726.296226,998.707908,748.254017,749.121051,687.047377,1262.495656,1068.000000,1171.890000,NaN,NaN,NaN,NaN,NaN,NaN,NaN,NaN,NaN,NaN,922.488619,958.027942
759.307397,820.474241,725.679235,999.124075,748.010000,748.660000,687.047377,1262.495656,1067.668668,1171.486448,NaN,NaN,NaN,NaN,NaN,NaN,NaN,NaN,NaN,NaN,922.177171,957.682510
759.041051,820.140801,726.269881,998.384641,748.050000,748.690000,687.047377,1262.495656,1068.447279,1171.420001,NaN,NaN,NaN,NaN,NaN,NaN,NaN,NaN,NaN,NaN,922.557830,957.720892
759.041051,819.807360,726.269881,998.088868,748.000000,748.890000,687.047377,1262.495656,1068.207707,1170.755529,NaN,NaN,NaN,NaN,NaN,NaN,NaN,NaN,NaN,NaN,922.211776,957.682510
759.174224,820.640962,726.624269,998.680415,748.860000,749.130000,687.047377,1262.413932,1064.075079,1175.273939,NaN,NaN,NaN,NaN,NaN,NaN,NaN,NaN,NaN,NaN,920.758352,959.179379
761.959259,822.284761,728.396207,1000.159281,752.080000,750.590000,685.676495,1264.211872,1052.223777,1188.090264,NaN,NaN,NaN,NaN,NaN,NaN,NaN,NaN,NaN,NaN,917.609267,966.126386
767.286186,823.396229,732.530730,1000.602941,763.100609,750.730908,683.652810,1263.721525,1030.034825,1207.560127,NaN,NaN,NaN,NaN,NaN,NaN,NaN,NaN,NaN,NaN,913.890000,973.920000
775.394953,824.878187,739.972872,1001.342374,777.596493,752.926168,683.913931,1263.476351,1004.582262,1227.976504,NaN,NaN,NaN,NaN,NaN,NaN,NaN,NaN,NaN,NaN,909.220000,985.500000
787.108718,826.093054,751.195148,1002.525467,797.586786,755.706830,686.133455,1263.476351,970.972917,1250.937559,NaN,NaN,NaN,NaN,NaN,NaN,NaN,NaN,NaN,NaN,903.880000,997.700000
804.505628,826.268693,765.370656,1004.152220,824.708119,761.121803,688.418260,1262.740830,930.949190,1271.580278,NaN,NaN,NaN,NaN,NaN,NaN,NaN,NaN,NaN,NaN,898.760000,1010.240000
820.930000,826.570000,775.293511,1001.933921,842.360366,761.999907,687.060000,1258.310000,926.868324,1276.560453,NaN,NaN,NaN,NaN,NaN,NaN,NaN,NaN,NaN,NaN,905.800000,1012.610000
836.450000,826.820000,788.405855,1002.081807,860.129515,760.975452,698.563099,1255.725814,928.296627,1278.371425,NaN,NaN,NaN,NaN,NaN,NaN,NaN,NaN,NaN,NaN,914.960000,1013.140000
849.133436,825.884088,801.636329,1000.750827,876.060000,760.430000,708.130000,1253.330000,929.928974,1278.824169,NaN,NaN,NaN,NaN,NaN,NaN,NaN,NaN,NaN,NaN,923.320000,1013.020000
860.785699,823.455494,811.677313,998.532528,889.150000,759.560000,716.270000,1250.930000,929.928974,1278.371425,NaN,NaN,NaN,NaN,NaN,NaN,NaN,NaN,NaN,NaN,929.890000,1013.150000
869.248099,822.346688,825.380304,998.384641,901.750000,759.010000,731.748174,1250.589654,931.357277,1277.918682,NaN,NaN,NaN,NaN,NaN,NaN,NaN,NaN,NaN,NaN,937.060000,1012.430000
878.220000,821.950000,840.264587,1000.750827,909.646838,759.650880,750.999178,1254.765472,933.780000,1278.420000,NaN,NaN,NaN,NaN,NaN,NaN,NaN,NaN,NaN,NaN,942.580000,1012.170000
884.334714,823.213065,853.849448,1003.708560,916.810000,760.600000,772.888563,1259.300729,934.990000,1278.730000,NaN,NaN,NaN,NaN,NaN,NaN,NaN,NaN,NaN,NaN,946.760000,1012.570000
887.933356,822.693239,865.356295,1005.195504,920.910000,760.990000,794.090000,1263.080000,NaN,NaN,NaN,NaN,NaN,NaN,NaN,NaN,NaN,NaN,NaN,NaN,948.890000,1013.100000
891.393589,822.866514,880.499114,1007.411301,925.940000,760.870000,822.625004,1268.926682,NaN,NaN,NaN,NaN,NaN,NaN,NaN,NaN,NaN,NaN,NaN,NaN,NaN,NaN
896.514733,822.866514,896.428573,1009.750198,930.650000,761.200000,849.990000,1273.120000,NaN,NaN,NaN,NaN,NaN,NaN,NaN,NaN,NaN,NaN,NaN,NaN,NaN,NaN
900.390194,821.653586,913.117283,1012.130135,935.710000,761.120000,877.100000,1275.930000,NaN,NaN,NaN,NaN,NaN,NaN,NaN,NaN,NaN,NaN,NaN,NaN,NaN,NaN
906.203385,821.133760,932.330161,1013.281595,941.900000,761.170000,912.262310,1279.592178,NaN,NaN,NaN,NaN,NaN,NaN,NaN,NaN,NaN,NaN,NaN,NaN,NaN,NaN
912.071257,821.056516,951.032058,1013.409535,948.770000,761.240000,943.358023,1279.592178,NaN,NaN,NaN,NaN,NaN,NaN,NaN,NaN,NaN,NaN,NaN,NaN,NaN,NaN
919.547171,820.800102,971.369093,1013.921294,957.810000,761.640000,975.260000,1280.140000,NaN,NaN,NaN,NaN,NaN,NaN,NaN,NaN,NaN,NaN,NaN,NaN,NaN,NaN
929.992969,820.287272,991.933716,1014.473068,968.720000,762.600000,1007.090000,1279.730000,NaN,NaN,NaN,NaN,NaN,NaN,NaN,NaN,NaN,NaN,NaN,NaN,NaN,NaN
942.998582,820.705391,1015.424924,1014.220632,982.290000,763.990000,1038.780000,1279.580000,NaN,NaN,NaN,NaN,NaN,NaN,NaN,NaN,NaN,NaN,NaN,NaN,NaN,NaN
959.045996,820.785431,1037.303002,1015.356593,999.603330,765.498302,1068.470000,1280.260000,NaN,NaN,NaN,NaN,NaN,NaN,NaN,NaN,NaN,NaN,NaN,NaN,NaN,NaN
977.352956,820.242275,1061.296079,1017.890856,1020.108999,768.334540,1095.190000,1282.120000,944.212006,1278.145054,NaN,NaN,NaN,NaN,NaN,NaN,NaN,NaN,NaN,NaN,NaN,NaN
999.439071,823.367068,1086.221043,1022.303500,1045.708723,771.539384,1119.770000,1286.570000,946.450000,1277.110000,NaN,NaN,NaN,NaN,NaN,NaN,NaN,NaN,NaN,NaN,NaN,NaN
1025.658752,826.987631,1111.146006,1028.922466,1073.868420,777.949071,1141.940000,1294.180000,948.660000,1275.720000,NaN,NaN,NaN,NaN,NaN,NaN,NaN,NaN,NaN,NaN,1036.390263,1021.426577
1060.504444,829.064942,1136.070969,1033.965488,1106.949247,782.810549,1155.040163,1300.040023,951.690000,1274.050000,NaN,NaN,NaN,NaN,NaN,NaN,NaN,NaN,NaN,NaN,1054.802311,1021.187735
1088.795310,822.417549,1150.531195,1029.865690,1137.213810,779.676925,1155.450000,1297.000000,969.599746,1262.199489,NaN,NaN,NaN,NaN,NaN,NaN,NaN,NaN,NaN,NaN,NaN,NaN
1106.140044,823.600608,1165.397115,1029.405028,1159.286461,779.392050,1161.370000,1296.900000,991.587089,1260.198238,NaN,NaN,NaN,NaN,NaN,NaN,NaN,NaN,NaN,NaN,NaN,NaN
1125.580000,823.590000,1175.994602,1028.944366,1177.263156,778.252550,1162.840000,1296.320000,1016.489039,1262.832212,NaN,NaN,NaN,NaN,NaN,NaN,NaN,NaN,NaN,NaN,NaN,NaN
1144.600000,824.530000,1185.120216,1028.575837,1193.700000,777.250000,1164.910000,1295.510000,1040.780315,1268.250672,NaN,NaN,NaN,NaN,NaN,NaN,NaN,NaN,NaN,NaN,NaN,NaN
1159.606023,825.588757,1191.379288,1028.495396,1206.389953,777.113050,1166.820000,1295.540000,NaN,NaN,NaN,NaN,NaN,NaN,NaN,NaN,NaN,NaN,NaN,NaN,NaN,NaN
1168.869931,829.565055,1196.800321,1028.495396,1215.264524,776.828175,1168.010000,1295.770000,NaN,NaN,NaN,NaN,NaN,NaN,NaN,NaN,NaN,NaN,NaN,NaN,NaN,NaN
1182.633450,832.878637,1202.414962,1028.495396,1225.050000,777.460000,1169.110000,1295.160000,NaN,NaN,NaN,NaN,NaN,NaN,NaN,NaN,NaN,NaN,NaN,NaN,NaN,NaN
1199.573166,834.535428,1208.320016,1028.616585,1234.810000,777.630000,1170.250000,1294.820000,NaN,NaN,NaN,NaN,NaN,NaN,NaN,NaN,NaN,NaN,NaN,NaN,NaN,NaN
1216.248200,841.162592,1213.353832,1029.101344,1243.980000,778.480000,1170.690000,1294.630000,NaN,NaN,NaN,NaN,NaN,NaN,NaN,NaN,NaN,NaN,NaN,NaN,NaN,NaN
1230.541085,842.488025,1220.033319,1029.222534,1256.000000,779.000000,1171.997364,1293.186921,1324.110279,1296.400210,NaN,NaN,NaN,NaN,NaN,NaN,NaN,NaN,NaN,NaN,1304.498567,1032.298604
1250.392315,844.807532,1229.616930,1030.070861,1271.542517,781.592966,1174.677513,1292.306154,1366.760289,1295.342907,NaN,NaN,NaN,NaN,NaN,NaN,NaN,NaN,NaN,NaN,1332.214093,1033.036356
1274.743157,850.440621,1241.911059,1031.282758,1293.430323,784.965454,1175.868690,1291.865770,1412.799353,1294.379462,NaN,NaN,NaN,NaN,NaN,NaN,NaN,NaN,NaN,NaN,1367.689967,1034.020025
1303.858295,855.079636,1257.012507,1033.100603,1319.865358,789.003697,1178.945898,1290.544619,1452.883923,1295.726015,NaN,NaN,NaN,NaN,NaN,NaN,NaN,NaN,NaN,NaN,1398.380000,1036.770000
1335.355580,863.363590,1275.598905,1036.009155,1351.241037,796.701667,1182.122370,1288.562892,1490.133540,1300.879712,NaN,NaN,NaN,NaN,NaN,NaN,NaN,NaN,NaN,NaN,1431.560000,1043.180000
1372.903857,879.102198,1294.538586,1038.866667,1388.805181,805.765238,1186.092961,1284.929726,1516.109245,1311.947489,NaN,NaN,NaN,NaN,NaN,NaN,NaN,NaN,NaN,NaN,1463.230000,1051.230000
1403.541999,869.513183,1319.967847,1026.491625,1421.141386,797.012401,1204.556208,1269.075912,1522.584127,1307.892120,NaN,NaN,NaN,NaN,NaN,NaN,NaN,NaN,NaN,NaN,1480.570000,1044.080000
1430.234320,870.384912,1340.786901,1023.585387,1451.292714,798.653558,1223.019456,1266.213418,1527.678892,1313.472078,NaN,NaN,NaN,NaN,NaN,NaN,NaN,NaN,NaN,NaN,1499.080000,1046.670000
1449.048572,863.525582,1366.543145,1022.789229,1478.385211,796.191822,1250.813591,1264.121596,1530.125460,1313.130304,NaN,NaN,NaN,NaN,NaN,NaN,NaN,NaN,NaN,NaN,1512.390000,1046.040000
1471.030946,862.952252,1393.889280,1024.779623,1499.797023,795.097717,1281.680023,1268.233931,1531.505985,1313.292206,NaN,NaN,NaN,NaN,NaN,NaN,NaN,NaN,NaN,NaN,1523.978490,1047.062390
1488.662641,862.092256,1423.143286,1028.760411,1522.110000,795.310000,1316.661698,1276.283799,1533.412369,1314.162840,NaN,NaN,NaN,NaN,NaN,NaN,NaN,NaN,NaN,NaN,1535.180000,1047.470000
1505.378405,858.938939,1452.715270,1032.343121,1539.721002,795.799386,1359.486212,1285.906509,1535.960000,1315.290000,NaN,NaN,NaN,NaN,NaN,NaN,NaN,NaN,NaN,NaN,1545.400000,1047.500000
1522.094168,857.218949,1488.328842,1039.508539,1559.401133,796.746989,1404.872877,1295.987444,NaN,NaN,NaN,NaN,NaN,NaN,NaN,NaN,NaN,NaN,NaN,NaN,NaN,NaN
1539.954847,855.212293,1527.925006,1043.840180,1578.340000,797.840000,1458.773519,1303.031078,NaN,NaN,NaN,NaN,NaN,NaN,NaN,NaN,NaN,NaN,NaN,NaN,NaN,NaN
1558.044509,854.065632,1564.627725,1048.160109,1596.650000,798.960000,1516.356883,1312.042194,NaN,NaN,NaN,NaN,NaN,NaN,NaN,NaN,NaN,NaN,NaN,NaN,NaN,NaN
1575.905188,852.918971,1604.310578,1050.909154,1615.420000,800.810000,1580.109893,1318.478706,NaN,NaN,NaN,NaN,NaN,NaN,NaN,NaN,NaN,NaN,NaN,NaN,NaN,NaN
1595.631521,853.743723,1643.424503,1055.213145,1635.245332,804.138288,1645.853267,1323.704165,NaN,NaN,NaN,NaN,NaN,NaN,NaN,NaN,NaN,NaN,NaN,NaN,NaN,NaN
1615.263732,857.084377,1684.275359,1057.796045,1660.223960,807.170616,1701.702622,1327.320619,1550.676975,1312.913080,NaN,NaN,NaN,NaN,NaN,NaN,NaN,NaN,NaN,NaN,NaN,NaN
1643.854332,860.902268,1726.178330,1062.445585,1686.750452,812.332259,1760.099407,1327.816403,1553.267331,1311.359612,NaN,NaN,NaN,NaN,NaN,NaN,NaN,NaN,NaN,NaN,1626.569689,1055.709074
1673.588555,863.288450,1766.856319,1067.140305,1717.336931,819.231810,1824.221665,1327.816403,1556.240000,1309.990000,NaN,NaN,NaN,NaN,NaN,NaN,NaN,NaN,NaN,NaN,1645.480000,1058.420000
1688.074459,862.811214,1785.940544,1064.992742,1744.748679,817.364223,1827.546523,1328.411033,1559.788514,1298.599978,NaN,NaN,NaN,NaN,NaN,NaN,NaN,NaN,NaN,NaN,1660.062233,1052.466078
1715.712039,858.993323,1797.948596,1064.187405,1768.617413,816.430429,1826.953531,1328.700240,1576.860000,1292.880000,NaN,NaN,NaN,NaN,NaN,NaN,NaN,NaN,NaN,NaN,1681.700000,1048.100000
1737.250290,857.800232,1806.740205,1064.187405,1788.383708,815.029739,1824.000000,1330.000000,1600.452018,1291.457238,NaN,NaN,NaN,NaN,NaN,NaN,NaN,NaN,NaN,NaN,1702.940548,1047.706611
1749.258342,857.800232,1812.744231,1062.576733,1803.674615,813.395600,1819.690000,1329.750000,1625.568751,1293.235364,NaN,NaN,NaN,NaN,NaN,NaN,NaN,NaN,NaN,NaN,1723.960000,1048.170000
1765.841991,859.873539,1820.678123,1063.918960,1818.430000,813.140000,1820.300000,1330.650000,1660.037458,1301.533288,NaN,NaN,NaN,NaN,NaN,NaN,NaN,NaN,NaN,NaN,NaN,NaN
1782.342373,863.150839,1827.754296,1063.113624,1830.380000,812.960000,1820.950000,1331.020000,1688.209014,1309.286496,NaN,NaN,NaN,NaN,NaN,NaN,NaN,NaN,NaN,NaN,NaN,NaN
1797.652823,865.534329,1832.471745,1063.113624,1841.440000,813.340000,1822.200000,1330.820000,NaN,NaN,NaN,NaN,NaN,NaN,NaN,NaN,NaN,NaN,NaN,NaN,NaN,NaN
1810.583411,868.513693,1836.617190,1063.665587,1848.550000,813.530000,1822.320000,1330.900000,NaN,NaN,NaN,NaN,NaN,NaN,NaN,NaN,NaN,NaN,NaN,NaN,NaN,NaN
1826.052519,870.797871,1843.143220,1063.539895,1860.020000,814.030000,1823.510000,1330.940000,NaN,NaN,NaN,NaN,NaN,NaN,NaN,NaN,NaN,NaN,NaN,NaN,NaN,NaN
1838.685722,872.348853,1850.874055,1063.916971,1874.020000,814.570000,1825.570000,1330.940000,NaN,NaN,NaN,NaN,NaN,NaN,NaN,NaN,NaN,NaN,NaN,NaN,NaN,NaN
1861.528922,871.790852,1863.323712,1065.173890,1896.702883,815.821986,1828.670000,1330.790000,NaN,NaN,NaN,NaN,NaN,NaN,NaN,NaN,NaN,NaN,NaN,NaN,NaN,NaN
1884.149262,872.767353,1876.676973,1065.928041,1919.514494,817.817974,1831.790000,1330.620000,NaN,NaN,NaN,NaN,NaN,NaN,NaN,NaN,NaN,NaN,NaN,NaN,NaN,NaN
1904.118026,873.918136,1891.837443,1067.184960,1942.939320,820.888725,1837.690000,1330.690000,NaN,NaN,NaN,NaN,NaN,NaN,NaN,NaN,NaN,NaN,NaN,NaN,NaN,NaN
1926.657200,874.832573,1906.226041,1069.279671,1966.577523,823.980781,1843.070000,1330.930000,NaN,NaN,NaN,NaN,NaN,NaN,NaN,NaN,NaN,NaN,NaN,NaN,NaN,NaN
1949.405070,878.620956,1920.460000,1071.030000,1990.980794,829.293927,1845.630000,1330.540000,NaN,NaN,NaN,NaN,NaN,NaN,NaN,NaN,NaN,NaN,NaN,NaN,NaN,NaN
1972.365286,884.043068,1934.980000,1073.160000,2018.126018,835.816964,1847.219332,1326.938374,NaN,NaN,NaN,NaN,NaN,NaN,NaN,NaN,NaN,NaN,NaN,NaN,NaN,NaN
1997.226151,889.455842,1949.820000,1075.260000,2046.476072,843.777694,1849.860000,1324.900000,NaN,NaN,NaN,NaN,NaN,NaN,NaN,NaN,NaN,NaN,NaN,NaN,NaN,NaN
2025.020908,895.641871,1966.840000,1078.360000,2077.740617,853.562758,1853.310000,1322.870000,NaN,NaN,NaN,NaN,NaN,NaN,NaN,NaN,NaN,NaN,NaN,NaN,NaN,NaN
2052.150000,902.430000,1984.990000,1082.060000,2110.627398,864.394115,1856.980000,1320.100000,NaN,NaN,NaN,NaN,NaN,NaN,NaN,NaN,NaN,NaN,NaN,NaN,NaN,NaN
2089.573419,913.348143,2004.040000,1087.040000,2147.352355,879.774046,1861.230000,1316.580000,NaN,NaN,NaN,NaN,NaN,NaN,NaN,NaN,NaN,NaN,NaN,NaN,NaN,NaN
2125.577155,926.697660,2029.828578,1096.509384,2183.946619,897.117372,1868.127176,1310.973991,NaN,NaN,NaN,NaN,NaN,NaN,NaN,NaN,NaN,NaN,NaN,NaN,NaN,NaN
2162.942147,945.112308,2053.950000,1105.160000,2224.984471,920.187267,1875.520432,1304.977368,NaN,NaN,NaN,NaN,NaN,NaN,NaN,NaN,NaN,NaN,NaN,NaN,NaN,NaN
2204.195803,965.220256,2078.410000,1114.040000,2273.016013,949.791788,1883.226079,1296.373517,NaN,NaN,NaN,NaN,NaN,NaN,NaN,NaN,NaN,NaN,NaN,NaN,NaN,NaN
2250.864132,994.152458,2108.437233,1125.656792,2317.790165,982.595535,1894.055636,1287.117860,NaN,NaN,NaN,NaN,NaN,NaN,NaN,NaN,NaN,NaN,NaN,NaN,NaN,NaN
2297.400414,1027.353839,2139.733782,1143.143205,2364.853903,1022.724391,1908.492839,1273.926979,NaN,NaN,NaN,NaN,NaN,NaN,NaN,NaN,NaN,NaN,NaN,NaN,NaN,NaN
2334.486211,1066.219527,2173.275493,1164.239188,2413.972692,1076.282435,1925.264922,1263.509831,NaN,NaN,NaN,NaN,NaN,NaN,NaN,NaN,NaN,NaN,NaN,NaN,NaN,NaN
2382.247338,1125.548437,2207.940610,1197.189105,2461.936267,1145.872011,1946.716115,1252.777150,NaN,NaN,NaN,NaN,NaN,NaN,NaN,NaN,NaN,NaN,NaN,NaN,NaN,NaN
2420.511923,1183.720440,2239.945636,1237.317478,2502.406876,1231.593483,1970.830157,1247.799259,NaN,NaN,NaN,NaN,NaN,NaN,NaN,NaN,NaN,NaN,NaN,NaN,NaN,NaN
2486.915500,1299.336252,2276.172550,1291.327692,2537.675085,1339.042889,2005.013374,1252.047615,NaN,NaN,NaN,NaN,NaN,NaN,NaN,NaN,NaN,NaN,NaN,NaN,NaN,NaN
2489.383026,1304.801598,2287.526617,1302.760867,2546.631427,1351.886292,2022.309778,1254.453555,NaN,NaN,NaN,NaN,NaN,NaN,NaN,NaN,NaN,NaN,NaN,NaN,NaN,NaN
2488.934164,1300.348385,2289.994892,1296.271768,2547.119955,1350.051521,2023.510917,1243.927566,NaN,NaN,NaN,NaN,NaN,NaN,NaN,NaN,NaN,NaN,NaN,NaN,NaN,NaN
2491.380600,1301.193269,2290.982202,1301.215843,2550.160000,1350.680000,2023.510917,1253.250585,NaN,NaN,NaN,NaN,NaN,NaN,NaN,NaN,NaN,NaN,NaN,NaN,NaN,NaN
2492.224198,1301.298880,2292.660000,1304.040000,2551.880000,1350.620000,2023.270689,1260.769149,NaN,NaN,NaN,NaN,NaN,NaN,NaN,NaN,NaN,NaN,NaN,NaN,NaN,NaN
2493.067797,1301.404491,2293.930000,1304.610000,2553.280000,1351.920000,2024.471828,1261.370634,NaN,NaN,NaN,NaN,NaN,NaN,NaN,NaN,NaN,NaN,NaN,NaN,NaN,NaN
2493.050000,1300.970000,2292.472783,1305.383636,2553.150000,1351.650000,2023.410000,1262.320000,2023.395464,1262.353929,NaN,NaN,NaN,NaN,NaN,NaN,NaN,NaN,NaN,NaN,NaN,NaN
2492.910000,1301.780000,2292.588352,1306.396414,2552.970000,1352.440000,2022.830000,1263.020000,2022.850000,1262.800000,NaN,NaN,NaN,NaN,NaN,NaN,NaN,NaN,NaN,NaN,NaN,NaN
2493.150000,1303.120000,2292.740000,1306.800000,2553.130000,1353.280000,2023.140000,1263.410000,2023.210000,1263.110000,NaN,NaN,NaN,NaN,NaN,NaN,NaN,NaN,NaN,NaN,NaN,NaN
2493.140000,1302.140000,2293.130000,1306.360000,2553.150000,1352.560000,2023.180000,1262.160000,2023.180000,1262.140000,NaN,NaN,NaN,NaN,NaN,NaN,NaN,NaN,NaN,NaN,NaN,NaN
2492.900000,1300.390000,2292.950000,1305.000000,2552.870000,1351.570000,2022.980000,1260.940000,2022.960000,1261.090000,NaN,NaN,NaN,NaN,NaN,NaN,NaN,NaN,NaN,NaN,NaN,NaN
2493.320876,1300.242774,2292.960000,1304.380000,2552.990000,1351.130000,2023.314632,1261.630489,2022.910000,1260.760000,NaN,NaN,NaN,NaN,NaN,NaN,NaN,NaN,NaN,NaN,NaN,NaN
2493.827035,1302.038154,2293.000000,1304.970000,2552.980000,1352.420000,2023.314632,1261.630489,2023.160000,1261.670000,NaN,NaN,NaN,NaN,NaN,NaN,NaN,NaN,NaN,NaN,NaN,NaN
2494.164475,1302.671817,2292.980000,1305.400000,2552.990000,1352.830000,2023.421400,1263.501776,2022.980000,1262.550000,NaN,NaN,NaN,NaN,NaN,NaN,NaN,NaN,NaN,NaN,NaN,NaN
2493.911395,1302.460596,2292.980000,1304.860000,2552.970000,1352.650000,2023.421400,1263.501776,2022.950000,1262.850000,NaN,NaN,NaN,NaN,NaN,NaN,NaN,NaN,NaN,NaN,NaN,NaN
2493.827035,1301.510101,2293.030000,1304.340000,2553.040000,1352.590000,2023.421400,1263.501776,2022.990000,1262.260000,NaN,NaN,NaN,NaN,NaN,NaN,NaN,NaN,NaN,NaN,NaN,NaN
2493.405236,1300.665217,2293.020000,1303.830000,2553.020000,1352.860000,2023.634936,1262.031479,2023.010000,1261.820000,NaN,NaN,NaN,NaN,NaN,NaN,NaN,NaN,NaN,NaN,2292.838101,1304.762245
2493.995755,1301.404491,2293.000000,1303.810000,2554.285029,1351.274702,2023.634936,1262.031479,2023.030000,1261.850000,NaN,NaN,NaN,NaN,NaN,NaN,NaN,NaN,NaN,NaN,2293.010000,1305.010000
2494.248834,1302.249375,2292.980000,1304.420000,2554.090000,1351.210000,2023.880000,1262.370000,2022.880000,1262.400000,NaN,NaN,NaN,NaN,NaN,NaN,NaN,NaN,NaN,NaN,2292.970000,1305.400000
2494.501914,1302.988649,2292.980000,1304.500000,2553.960000,1351.290000,2023.970000,1262.470000,2022.970000,1262.430000,NaN,NaN,NaN,NaN,NaN,NaN,NaN,NaN,NaN,NaN,2292.990000,1305.560000
2494.586274,1302.883038,2293.000000,1304.760000,2553.950000,1350.730000,2024.000000,1261.690000,2022.980000,1261.680000,NaN,NaN,NaN,NaN,NaN,NaN,NaN,NaN,NaN,NaN,2293.010000,1305.760000
2494.754994,1302.038154,2293.010000,1304.540000,2554.000000,1350.140000,2024.050000,1261.320000,2023.040000,1261.350000,NaN,NaN,NaN,NaN,NaN,NaN,NaN,NaN,NaN,NaN,2293.010000,1305.560000
2495.008073,1302.777428,2292.990000,1304.940000,2553.990000,1350.150000,2023.980000,1260.980000,2022.980000,1260.970000,NaN,NaN,NaN,NaN,NaN,NaN,NaN,NaN,NaN,NaN,2292.990000,1306.110000
2495.008073,1302.988649,2292.960000,1305.190000,2553.990000,1350.290000,2024.010000,1261.310000,2023.000000,1261.320000,NaN,NaN,NaN,NaN,NaN,NaN,NaN,NaN,NaN,NaN,2292.960000,1306.190000
2494.501914,1302.883038,2292.960000,1305.110000,2553.850000,1350.050000,2023.810000,1261.080000,2022.780000,1261.330000,NaN,NaN,NaN,NaN,NaN,NaN,NaN,NaN,NaN,NaN,2292.960000,1306.110000
2494.417554,1303.199870,2293.000000,1304.990000,2554.000000,1349.990000,2024.020000,1260.920000,2023.020000,1260.910000,NaN,NaN,NaN,NaN,NaN,NaN,NaN,NaN,NaN,NaN,2293.000000,1305.990000
2494.501914,1302.777428,2293.010000,1304.710000,2554.010000,1349.620000,2023.990000,1260.750000,2022.990000,1260.730000,NaN,NaN,NaN,NaN,NaN,NaN,NaN,NaN,NaN,NaN,2293.010000,1305.720000
2494.501914,1302.777428,2292.990000,1304.740000,2553.920000,1349.760000,2024.000000,1261.000000,2023.000000,1261.000000,NaN,NaN,NaN,NaN,NaN,NaN,NaN,NaN,NaN,NaN,2292.990000,1305.680000
2494.754994,1302.777428,2293.000000,1305.120000,2554.070000,1350.220000,2024.010000,1261.090000,2023.010000,1261.080000,NaN,NaN,NaN,NaN,NaN,NaN,NaN,NaN,NaN,NaN,2293.000000,1306.110000
2494.990000,1303.210000,2292.990000,1305.150000,2554.020000,1350.430000,2024.020000,1261.190000,2023.030000,1261.200000,NaN,NaN,NaN,NaN,NaN,NaN,NaN,NaN,NaN,NaN,2292.990000,1306.140000
2495.030000,1302.900000,2293.010000,1304.890000,2554.010000,1350.090000,2023.980000,1260.900000,2022.980000,1260.890000,NaN,NaN,NaN,NaN,NaN,NaN,NaN,NaN,NaN,NaN,2293.010000,1305.890000
2495.010000,1302.870000,2293.000000,1304.900000,2554.000000,1349.860000,2024.020000,1260.910000,2023.010000,1260.910000,NaN,NaN,NaN,NaN,NaN,NaN,NaN,NaN,NaN,NaN,2293.000000,1305.900000
2495.010000,1302.900000,2293.000000,1304.930000,2554.000000,1349.860000,2024.010000,1260.880000,2022.850000,1260.920000,NaN,NaN,NaN,NaN,NaN,NaN,NaN,NaN,NaN,NaN,2292.990000,1305.940000
2494.860000,1303.000000,2292.950000,1305.040000,2553.820000,1350.120000,2023.840000,1261.020000,2023.000000,1261.000000,NaN,NaN,NaN,NaN,NaN,NaN,NaN,NaN,NaN,NaN,2292.950000,1306.030000
2495.000000,1303.320000,2292.970000,1305.170000,2554.000000,1350.200000,2024.010000,1261.180000,2023.010000,1261.190000,NaN,NaN,NaN,NaN,NaN,NaN,NaN,NaN,NaN,NaN,2292.970000,1306.170000
2495.030000,1302.950000,2293.000000,1304.950000,2554.020000,1349.920000,2024.000000,1260.890000,2023.020000,1260.810000,NaN,NaN,NaN,NaN,NaN,NaN,NaN,NaN,NaN,NaN,2293.000000,1305.940000
2495.040000,1302.830000,2293.020000,1304.900000,2554.020000,1349.840000,2024.010000,1260.950000,2023.070000,1260.980000,NaN,NaN,NaN,NaN,NaN,NaN,NaN,NaN,NaN,NaN,2293.020000,1305.910000
2495.010000,1302.860000,2293.010000,1304.880000,2554.010000,1349.880000,2024.080000,1260.990000,2023.000000,1261.000000,NaN,NaN,NaN,NaN,NaN,NaN,NaN,NaN,NaN,NaN,2293.010000,1305.890000
NaN,NaN,NaN,NaN,2554.000000,1350.000000,NaN,NaN,2023.000000,1261.000000,NaN,NaN,NaN,NaN,NaN,NaN,NaN,NaN,NaN,NaN,2293.000000,1306.000000
NaN,NaN,NaN,NaN,NaN,NaN,NaN,NaN,NaN,NaN,NaN,NaN,NaN,NaN,NaN,NaN,NaN,NaN,NaN,NaN,NaN,NaN
NaN,NaN,NaN,NaN,NaN,NaN,NaN,NaN,NaN,NaN,NaN,NaN,NaN,NaN,NaN,NaN,NaN,NaN,NaN,NaN,NaN,NaN
NaN,NaN,NaN,NaN,NaN,NaN,NaN,NaN,NaN,NaN,NaN,NaN,NaN,NaN,NaN,NaN,NaN,NaN,NaN,NaN,NaN,NaN
NaN,NaN,NaN,NaN,NaN,NaN,NaN,NaN,NaN,NaN,NaN,NaN,NaN,NaN,NaN,NaN,NaN,NaN,NaN,NaN,NaN,NaN
NaN,NaN,NaN,NaN,NaN,NaN,NaN,NaN,NaN,NaN,NaN,NaN,NaN,NaN,NaN,NaN,NaN,NaN,NaN,NaN,NaN,NaN
NaN,NaN,NaN,NaN,NaN,NaN,NaN,NaN,NaN,NaN,NaN,NaN,NaN,NaN,NaN,NaN,NaN,NaN,NaN,NaN,NaN,NaN
NaN,NaN,NaN,NaN,NaN,NaN,NaN,NaN,NaN,NaN,NaN,NaN,NaN,NaN,NaN,NaN,NaN,NaN,NaN,NaN,NaN,NaN
NaN,NaN,NaN,NaN,NaN,NaN,NaN,NaN,NaN,NaN,NaN,NaN,NaN,NaN,NaN,NaN,NaN,NaN,NaN,NaN,NaN,NaN
NaN,NaN,NaN,NaN,NaN,NaN,NaN,NaN,NaN,NaN,NaN,NaN,NaN,NaN,NaN,NaN,NaN,NaN,NaN,NaN,NaN,NaN
NaN,NaN,NaN,NaN,NaN,NaN,NaN,NaN,NaN,NaN,NaN,NaN,NaN,NaN,NaN,NaN,NaN,NaN,NaN,NaN,NaN,NaN
NaN,NaN,NaN,NaN,NaN,NaN,NaN,NaN,NaN,NaN,NaN,NaN,NaN,NaN,NaN,NaN,NaN,NaN,NaN,NaN,NaN,NaN
NaN,NaN,NaN,NaN,NaN,NaN,NaN,NaN,NaN,NaN,NaN,NaN,NaN,NaN,NaN,NaN,NaN,NaN,NaN,NaN,NaN,NaN
NaN,NaN,NaN,NaN,NaN,NaN,NaN,NaN,NaN,NaN,NaN,NaN,NaN,NaN,NaN,NaN,NaN,NaN,NaN,NaN,NaN,NaN
NaN,NaN,NaN,NaN,NaN,NaN,NaN,NaN,NaN,NaN,NaN,NaN,NaN,NaN,NaN,NaN,NaN,NaN,NaN,NaN,NaN,NaN
NaN,NaN,NaN,NaN,NaN,NaN,NaN,NaN,NaN,NaN,NaN,NaN,NaN,NaN,NaN,NaN,NaN,NaN,NaN,NaN,NaN,NaN
NaN,NaN,NaN,NaN,NaN,NaN,NaN,NaN,NaN,NaN,NaN,NaN,NaN,NaN,NaN,NaN,NaN,NaN,NaN,NaN,NaN,NaN
NaN,NaN,NaN,NaN,NaN,NaN,NaN,NaN,NaN,NaN,NaN,NaN,NaN,NaN,NaN,NaN,NaN,NaN,NaN,NaN,NaN,NaN
NaN,NaN,NaN,NaN,NaN,NaN,NaN,NaN,NaN,NaN,NaN,NaN,NaN,NaN,NaN,NaN,NaN,NaN,NaN,NaN,NaN,NaN
NaN,NaN,NaN,NaN,NaN,NaN,NaN,NaN,NaN,NaN,NaN,NaN,NaN,NaN,NaN,NaN,NaN,NaN,NaN,NaN,NaN,NaN
NaN,NaN,NaN,NaN,NaN,NaN,NaN,NaN,NaN,NaN,NaN,NaN,NaN,NaN,NaN,NaN,NaN,NaN,NaN,NaN,NaN,NaN
NaN,NaN,NaN,NaN,NaN,NaN,NaN,NaN,NaN,NaN,NaN,NaN,NaN,NaN,NaN,NaN,NaN,NaN,NaN,NaN,NaN,NaN
NaN,NaN,NaN,NaN,NaN,NaN,NaN,NaN,NaN,NaN,NaN,NaN,NaN,NaN,NaN,NaN,NaN,NaN,NaN,NaN,NaN,NaN
NaN,NaN,NaN,NaN,NaN,NaN,NaN,NaN,NaN,NaN,NaN,NaN,NaN,NaN,NaN,NaN,NaN,NaN,NaN,NaN,NaN,NaN
NaN,NaN,NaN,NaN,NaN,NaN,NaN,NaN,NaN,NaN,NaN,NaN,NaN,NaN,NaN,NaN,NaN,NaN,NaN,NaN,NaN,NaN
NaN,NaN,NaN,NaN,NaN,NaN,NaN,NaN,NaN,NaN,NaN,NaN,NaN,NaN,NaN,NaN,NaN,NaN,NaN,NaN,NaN,NaN
NaN,NaN,NaN,NaN,NaN,NaN,NaN,NaN,NaN,NaN,NaN,NaN,NaN,NaN,NaN,NaN,NaN,NaN,NaN,NaN,NaN,NaN
NaN,NaN,NaN,NaN,NaN,NaN,NaN,NaN,NaN,NaN,NaN,NaN,NaN,NaN,NaN,NaN,NaN,NaN,NaN,NaN,NaN,NaN
NaN,NaN,NaN,NaN,NaN,NaN,NaN,NaN,NaN,NaN,NaN,NaN,NaN,NaN,NaN,NaN,NaN,NaN,NaN,NaN,NaN,NaN
NaN,NaN,NaN,NaN,NaN,NaN,NaN,NaN,NaN,NaN,NaN,NaN,NaN,NaN,NaN,NaN,NaN,NaN,NaN,NaN,NaN,NaN
NaN,NaN,NaN,NaN,NaN,NaN,NaN,NaN,NaN,NaN,NaN,NaN,NaN,NaN,NaN,NaN,NaN,NaN,NaN,NaN,NaN,NaN
NaN,NaN,NaN,NaN,NaN,NaN,NaN,NaN,NaN,NaN,NaN,NaN,NaN,NaN,NaN,NaN,NaN,NaN,NaN,NaN,NaN,NaN
NaN,NaN,NaN,NaN,NaN,NaN,NaN,NaN,NaN,NaN,NaN,NaN,NaN,NaN,NaN,NaN,NaN,NaN,NaN,NaN,NaN,NaN
NaN,NaN,NaN,NaN,NaN,NaN,NaN,NaN,NaN,NaN,NaN,NaN,NaN,NaN,NaN,NaN,NaN,NaN,NaN,NaN,NaN,NaN
NaN,NaN,NaN,NaN,NaN,NaN,NaN,NaN,NaN,NaN,NaN,NaN,NaN,NaN,NaN,NaN,NaN,NaN,NaN,NaN,NaN,NaN
NaN,NaN,NaN,NaN,NaN,NaN,NaN,NaN,NaN,NaN,NaN,NaN,NaN,NaN,NaN,NaN,NaN,NaN,NaN,NaN,NaN,NaN
NaN,NaN,NaN,NaN,NaN,NaN,NaN,NaN,NaN,NaN,NaN,NaN,NaN,NaN,NaN,NaN,NaN,NaN,NaN,NaN,NaN,NaN
NaN,NaN,NaN,NaN,NaN,NaN,NaN,NaN,NaN,NaN,NaN,NaN,NaN,NaN,NaN,NaN,NaN,NaN,NaN,NaN,NaN,NaN
NaN,NaN,NaN,NaN,NaN,NaN,NaN,NaN,NaN,NaN,NaN,NaN,NaN,NaN,NaN,NaN,NaN,NaN,NaN,NaN,NaN,NaN
NaN,NaN,NaN,NaN,NaN,NaN,NaN,NaN,NaN,NaN,NaN,NaN,NaN,NaN,NaN,NaN,NaN,NaN,NaN,NaN,NaN,NaN
NaN,NaN,NaN,NaN,NaN,NaN,NaN,NaN,NaN,NaN,NaN,NaN,NaN,NaN,NaN,NaN,NaN,NaN,NaN,NaN,NaN,NaN
NaN,NaN,NaN,NaN,NaN,NaN,NaN,NaN,NaN,NaN,NaN,NaN,NaN,NaN,NaN,NaN,NaN,NaN,NaN,NaN,NaN,NaN
NaN,NaN,NaN,NaN,NaN,NaN,NaN,NaN,NaN,NaN,NaN,NaN,NaN,NaN,NaN,NaN,NaN,NaN,NaN,NaN,NaN,NaN
NaN,NaN,NaN,NaN,NaN,NaN,NaN,NaN,NaN,NaN,NaN,NaN,NaN,NaN,NaN,NaN,NaN,NaN,NaN,NaN,NaN,NaN
NaN,NaN,NaN,NaN,NaN,NaN,NaN,NaN,NaN,NaN,NaN,NaN,NaN,NaN,NaN,NaN,NaN,NaN,NaN,NaN,NaN,NaN
NaN,NaN,NaN,NaN,NaN,NaN,NaN,NaN,NaN,NaN,NaN,NaN,NaN,NaN,NaN,NaN,NaN,NaN,NaN,NaN,NaN,NaN
NaN,NaN,NaN,NaN,NaN,NaN,NaN,NaN,NaN,NaN,NaN,NaN,NaN,NaN,NaN,NaN,NaN,NaN,NaN,NaN,NaN,NaN
NaN,NaN,NaN,NaN,NaN,NaN,NaN,NaN,NaN,NaN,NaN,NaN,NaN,NaN,NaN,NaN,NaN,NaN,NaN,NaN,NaN,NaN
NaN,NaN,NaN,NaN,NaN,NaN,NaN,NaN,NaN,NaN,NaN,NaN,NaN,NaN,NaN,NaN,NaN,NaN,NaN,NaN,NaN,NaN
NaN,NaN,NaN,NaN,NaN,NaN,NaN,NaN,NaN,NaN,NaN,NaN,NaN,NaN,NaN,NaN,NaN,NaN,NaN,NaN,NaN,NaN
NaN,NaN,NaN,NaN,NaN,NaN,NaN,NaN,NaN,NaN,NaN,NaN,NaN,NaN,NaN,NaN,NaN,NaN,NaN,NaN,NaN,NaN
NaN,NaN,NaN,NaN,NaN,NaN,NaN,NaN,NaN,NaN,NaN,NaN,NaN,NaN,NaN,NaN,NaN,NaN,NaN,NaN,NaN,NaN
NaN,NaN,NaN,NaN,NaN,NaN,NaN,NaN,NaN,NaN,NaN,NaN,NaN,NaN,NaN,NaN,NaN,NaN,NaN,NaN,NaN,NaN
NaN,NaN,NaN,NaN,NaN,NaN,NaN,NaN,NaN,NaN,NaN,NaN,NaN,NaN,NaN,NaN,NaN,NaN,NaN,NaN,NaN,NaN
NaN,NaN,NaN,NaN,NaN,NaN,NaN,NaN,NaN,NaN,NaN,NaN,NaN,NaN,NaN,NaN,NaN,NaN,NaN,NaN,NaN,NaN
NaN,NaN,NaN,NaN,NaN,NaN,NaN,NaN,NaN,NaN,NaN,NaN,NaN,NaN,NaN,NaN,NaN,NaN,NaN,NaN,NaN,NaN
NaN,NaN,NaN,NaN,NaN,NaN,NaN,NaN,NaN,NaN,NaN,NaN,NaN,NaN,NaN,NaN,NaN,NaN,NaN,NaN,NaN,NaN
NaN,NaN,NaN,NaN,NaN,NaN,NaN,NaN,NaN,NaN,NaN,NaN,NaN,NaN,NaN,NaN,NaN,NaN,NaN,NaN,NaN,NaN
NaN,NaN,NaN,NaN,NaN,NaN,NaN,NaN,NaN,NaN,NaN,NaN,NaN,NaN,NaN,NaN,NaN,NaN,NaN,NaN,NaN,NaN
NaN,NaN,NaN,NaN,NaN,NaN,NaN,NaN,NaN,NaN,NaN,NaN,NaN,NaN,NaN,NaN,NaN,NaN,NaN,NaN,NaN,NaN
NaN,NaN,NaN,NaN,NaN,NaN,NaN,NaN,NaN,NaN,NaN,NaN,NaN,NaN,NaN,NaN,NaN,NaN,NaN,NaN,NaN,NaN
NaN,NaN,NaN,NaN,NaN,NaN,NaN,NaN,NaN,NaN,NaN,NaN,NaN,NaN,NaN,NaN,NaN,NaN,NaN,NaN,NaN,NaN
NaN,NaN,NaN,NaN,NaN,NaN,NaN,NaN,NaN,NaN,NaN,NaN,NaN,NaN,NaN,NaN,NaN,NaN,NaN,NaN,NaN,NaN
NaN,NaN,NaN,NaN,NaN,NaN,NaN,NaN,NaN,NaN,NaN,NaN,NaN,NaN,NaN,NaN,NaN,NaN,NaN,NaN,NaN,NaN
NaN,NaN,NaN,NaN,NaN,NaN,NaN,NaN,NaN,NaN,NaN,NaN,NaN,NaN,NaN,NaN,NaN,NaN,NaN,NaN,NaN,NaN
NaN,NaN,NaN,NaN,NaN,NaN,NaN,NaN,NaN,NaN,NaN,NaN,NaN,NaN,NaN,NaN,NaN,NaN,NaN,NaN,NaN,NaN
NaN,NaN,NaN,NaN,NaN,NaN,NaN,NaN,NaN,NaN,NaN,NaN,NaN,NaN,NaN,NaN,NaN,NaN,NaN,NaN,NaN,NaN
NaN,NaN,NaN,NaN,NaN,NaN,NaN,NaN,NaN,NaN,NaN,NaN,NaN,NaN,NaN,NaN,NaN,NaN,NaN,NaN,NaN,NaN
NaN,NaN,NaN,NaN,NaN,NaN,NaN,NaN,NaN,NaN,NaN,NaN,NaN,NaN,NaN,NaN,NaN,NaN,NaN,NaN,NaN,NaN
NaN,NaN,NaN,NaN,NaN,NaN,NaN,NaN,NaN,NaN,NaN,NaN,NaN,NaN,NaN,NaN,NaN,NaN,NaN,NaN,NaN,NaN
NaN,NaN,NaN,NaN,NaN,NaN,NaN,NaN,NaN,NaN,NaN,NaN,NaN,NaN,NaN,NaN,NaN,NaN,NaN,NaN,NaN,NaN
NaN,NaN,NaN,NaN,NaN,NaN,NaN,NaN,NaN,NaN,NaN,NaN,NaN,NaN,NaN,NaN,NaN,NaN,NaN,NaN,NaN,NaN
NaN,NaN,NaN,NaN,NaN,NaN,NaN,NaN,NaN,NaN,NaN,NaN,NaN,NaN,NaN,NaN,NaN,NaN,NaN,NaN,NaN,NaN
NaN,NaN,NaN,NaN,NaN,NaN,NaN,NaN,NaN,NaN,NaN,NaN,NaN,NaN,NaN,NaN,NaN,NaN,NaN,NaN,NaN,NaN
NaN,NaN,NaN,NaN,NaN,NaN,NaN,NaN,NaN,NaN,NaN,NaN,NaN,NaN,NaN,NaN,NaN,NaN,NaN,NaN,NaN,NaN
NaN,NaN,NaN,NaN,NaN,NaN,NaN,NaN,NaN,NaN,NaN,NaN,NaN,NaN,NaN,NaN,NaN,NaN,NaN,NaN,NaN,NaN
NaN,NaN,NaN,NaN,NaN,NaN,NaN,NaN,NaN,NaN,NaN,NaN,NaN,NaN,NaN,NaN,NaN,NaN,NaN,NaN,NaN,NaN
NaN,NaN,NaN,NaN,NaN,NaN,NaN,NaN,NaN,NaN,NaN,NaN,NaN,NaN,NaN,NaN,NaN,NaN,NaN,NaN,NaN,NaN
NaN,NaN,NaN,NaN,NaN,NaN,NaN,NaN,NaN,NaN,NaN,NaN,NaN,NaN,NaN,NaN,NaN,NaN,NaN,NaN,NaN,NaN
NaN,NaN,NaN,NaN,NaN,NaN,NaN,NaN,NaN,NaN,NaN,NaN,NaN,NaN,NaN,NaN,NaN,NaN,NaN,NaN,NaN,NaN
NaN,NaN,NaN,NaN,NaN,NaN,NaN,NaN,NaN,NaN,NaN,NaN,NaN,NaN,NaN,NaN,NaN,NaN,NaN,NaN,NaN,NaN
NaN,NaN,NaN,NaN,NaN,NaN,NaN,NaN,NaN,NaN,NaN,NaN,NaN,NaN,NaN,NaN,NaN,NaN,NaN,NaN,NaN,NaN
NaN,NaN,NaN,NaN,NaN,NaN,NaN,NaN,NaN,NaN,NaN,NaN,NaN,NaN,NaN,NaN,NaN,NaN,NaN,NaN,NaN,NaN
NaN,NaN,NaN,NaN,NaN,NaN,NaN,NaN,NaN,NaN,NaN,NaN,NaN,NaN,NaN,NaN,NaN,NaN,NaN,NaN,NaN,NaN
NaN,NaN,NaN,NaN,NaN,NaN,NaN,NaN,NaN,NaN,NaN,NaN,NaN,NaN,NaN,NaN,NaN,NaN,NaN,NaN,NaN,NaN
NaN,NaN,NaN,NaN,NaN,NaN,NaN,NaN,NaN,NaN,NaN,NaN,NaN,NaN,NaN,NaN,NaN,NaN,NaN,NaN,NaN,NaN
NaN,NaN,NaN,NaN,NaN,NaN,NaN,NaN,NaN,NaN,NaN,NaN,NaN,NaN,NaN,NaN,NaN,NaN,NaN,NaN,NaN,NaN
NaN,NaN,NaN,NaN,NaN,NaN,NaN,NaN,NaN,NaN,NaN,NaN,NaN,NaN,NaN,NaN,NaN,NaN,NaN,NaN,NaN,NaN
NaN,NaN,NaN,NaN,NaN,NaN,NaN,NaN,NaN,NaN,NaN,NaN,NaN,NaN,NaN,NaN,NaN,NaN,NaN,NaN,NaN,NaN
NaN,NaN,NaN,NaN,NaN,NaN,NaN,NaN,NaN,NaN,NaN,NaN,NaN,NaN,NaN,NaN,NaN,NaN,NaN,NaN,NaN,NaN
NaN,NaN,NaN,NaN,NaN,NaN,NaN,NaN,NaN,NaN,NaN,NaN,NaN,NaN,NaN,NaN,NaN,NaN,NaN,NaN,NaN,NaN
NaN,NaN,NaN,NaN,NaN,NaN,NaN,NaN,NaN,NaN,NaN,NaN,NaN,NaN,NaN,NaN,NaN,NaN,NaN,NaN,NaN,NaN
NaN,NaN,NaN,NaN,NaN,NaN,NaN,NaN,NaN,NaN,NaN,NaN,NaN,NaN,NaN,NaN,NaN,NaN,NaN,NaN,NaN,NaN
NaN,NaN,NaN,NaN,NaN,NaN,NaN,NaN,NaN,NaN,NaN,NaN,NaN,NaN,NaN,NaN,NaN,NaN,NaN,NaN,NaN,NaN
NaN,NaN,NaN,NaN,NaN,NaN,NaN,NaN,NaN,NaN,NaN,NaN,NaN,NaN,NaN,NaN,NaN,NaN,NaN,NaN,NaN,NaN
NaN,NaN,NaN,NaN,NaN,NaN,NaN,NaN,NaN,NaN,NaN,NaN,NaN,NaN,NaN,NaN,NaN,NaN,NaN,NaN,NaN,NaN
NaN,NaN,NaN,NaN,NaN,NaN,NaN,NaN,NaN,NaN,NaN,NaN,NaN,NaN,NaN,NaN,NaN,NaN,NaN,NaN,NaN,NaN
NaN,NaN,NaN,NaN,NaN,NaN,NaN,NaN,NaN,NaN,NaN,NaN,NaN,NaN,NaN,NaN,NaN,NaN,NaN,NaN,NaN,NaN
NaN,NaN,NaN,NaN,NaN,NaN,NaN,NaN,NaN,NaN,NaN,NaN,NaN,NaN,NaN,NaN,NaN,NaN,NaN,NaN,NaN,NaN
NaN,NaN,NaN,NaN,NaN,NaN,NaN,NaN,NaN,NaN,NaN,NaN,NaN,NaN,NaN,NaN,NaN,NaN,NaN,NaN,NaN,NaN
NaN,NaN,NaN,NaN,NaN,NaN,NaN,NaN,NaN,NaN,NaN,NaN,NaN,NaN,NaN,NaN,NaN,NaN,NaN,NaN,NaN,NaN
NaN,NaN,NaN,NaN,NaN,NaN,NaN,NaN,NaN,NaN,NaN,NaN,NaN,NaN,NaN,NaN,NaN,NaN,NaN,NaN,NaN,NaN
NaN,NaN,NaN,NaN,NaN,NaN,NaN,NaN,NaN,NaN,NaN,NaN,NaN,NaN,NaN,NaN,NaN,NaN,NaN,NaN,NaN,NaN
NaN,NaN,NaN,NaN,NaN,NaN,NaN,NaN,NaN,NaN,NaN,NaN,NaN,NaN,NaN,NaN,NaN,NaN,NaN,NaN,NaN,NaN
NaN,NaN,NaN,NaN,NaN,NaN,NaN,NaN,NaN,NaN,NaN,NaN,NaN,NaN,NaN,NaN,NaN,NaN,NaN,NaN,NaN,NaN
NaN,NaN,NaN,NaN,NaN,NaN,NaN,NaN,NaN,NaN,NaN,NaN,NaN,NaN,NaN,NaN,NaN,NaN,NaN,NaN,NaN,NaN
NaN,NaN,NaN,NaN,NaN,NaN,NaN,NaN,NaN,NaN,NaN,NaN,NaN,NaN,NaN,NaN,NaN,NaN,NaN,NaN,NaN,NaN
NaN,NaN,NaN,NaN,NaN,NaN,NaN,NaN,NaN,NaN,NaN,NaN,NaN,NaN,NaN,NaN,NaN,NaN,NaN,NaN,NaN,NaN
NaN,NaN,NaN,NaN,NaN,NaN,NaN,NaN,NaN,NaN,NaN,NaN,NaN,NaN,NaN,NaN,NaN,NaN,NaN,NaN,NaN,NaN
NaN,NaN,NaN,NaN,NaN,NaN,NaN,NaN,NaN,NaN,NaN,NaN,NaN,NaN,NaN,NaN,NaN,NaN,NaN,NaN,NaN,NaN
NaN,NaN,NaN,NaN,NaN,NaN,NaN,NaN,NaN,NaN,NaN,NaN,NaN,NaN,NaN,NaN,NaN,NaN,NaN,NaN,NaN,NaN
NaN,NaN,NaN,NaN,NaN,NaN,NaN,NaN,NaN,NaN,NaN,NaN,NaN,NaN,NaN,NaN,NaN,NaN,NaN,NaN,NaN,NaN
NaN,NaN,NaN,NaN,NaN,NaN,NaN,NaN,NaN,NaN,NaN,NaN,NaN,NaN,NaN,NaN,NaN,NaN,NaN,NaN,NaN,NaN
NaN,NaN,NaN,NaN,NaN,NaN,NaN,NaN,NaN,NaN,NaN,NaN,NaN,NaN,NaN,NaN,NaN,NaN,NaN,NaN,NaN,NaN
NaN,NaN,NaN,NaN,NaN,NaN,NaN,NaN,NaN,NaN,NaN,NaN,NaN,NaN,NaN,NaN,NaN,NaN,NaN,NaN,NaN,NaN
NaN,NaN,NaN,NaN,NaN,NaN,NaN,NaN,NaN,NaN,NaN,NaN,NaN,NaN,NaN,NaN,NaN,NaN,NaN,NaN,NaN,NaN
NaN,NaN,NaN,NaN,NaN,NaN,NaN,NaN,NaN,NaN,NaN,NaN,NaN,NaN,NaN,NaN,NaN,NaN,NaN,NaN,NaN,NaN
NaN,NaN,NaN,NaN,NaN,NaN,NaN,NaN,NaN,NaN,NaN,NaN,NaN,NaN,NaN,NaN,NaN,NaN,NaN,NaN,NaN,NaN
NaN,NaN,NaN,NaN,NaN,NaN,NaN,NaN,NaN,NaN,NaN,NaN,NaN,NaN,NaN,NaN,NaN,NaN,NaN,NaN,NaN,NaN
NaN,NaN,NaN,NaN,NaN,NaN,NaN,NaN,NaN,NaN,NaN,NaN,NaN,NaN,NaN,NaN,NaN,NaN,NaN,NaN,NaN,NaN
NaN,NaN,NaN,NaN,NaN,NaN,NaN,NaN,NaN,NaN,NaN,NaN,NaN,NaN,NaN,NaN,NaN,NaN,NaN,NaN,NaN,NaN
NaN,NaN,NaN,NaN,NaN,NaN,NaN,NaN,NaN,NaN,NaN,NaN,NaN,NaN,NaN,NaN,NaN,NaN,NaN,NaN,NaN,NaN
NaN,NaN,NaN,NaN,NaN,NaN,NaN,NaN,NaN,NaN,NaN,NaN,NaN,NaN,NaN,NaN,NaN,NaN,NaN,NaN,NaN,NaN
NaN,NaN,NaN,NaN,NaN,NaN,NaN,NaN,NaN,NaN,NaN,NaN,NaN,NaN,NaN,NaN,NaN,NaN,NaN,NaN,NaN,NaN
NaN,NaN,NaN,NaN,NaN,NaN,NaN,NaN,NaN,NaN,NaN,NaN,NaN,NaN,NaN,NaN,NaN,NaN,NaN,NaN,NaN,NaN
NaN,NaN,NaN,NaN,NaN,NaN,NaN,NaN,NaN,NaN,NaN,NaN,NaN,NaN,NaN,NaN,NaN,NaN,NaN,NaN,NaN,NaN
NaN,NaN,NaN,NaN,NaN,NaN,NaN,NaN,NaN,NaN,NaN,NaN,NaN,NaN,NaN,NaN,NaN,NaN,NaN,NaN,NaN,NaN
NaN,NaN,NaN,NaN,NaN,NaN,NaN,NaN,NaN,NaN,NaN,NaN,NaN,NaN,NaN,NaN,NaN,NaN,NaN,NaN,NaN,NaN
NaN,NaN,NaN,NaN,NaN,NaN,NaN,NaN,NaN,NaN,NaN,NaN,NaN,NaN,NaN,NaN,NaN,NaN,NaN,NaN,NaN,NaN
NaN,NaN,NaN,NaN,NaN,NaN,NaN,NaN,NaN,NaN,NaN,NaN,NaN,NaN,NaN,NaN,NaN,NaN,NaN,NaN,NaN,NaN
NaN,NaN,NaN,NaN,NaN,NaN,NaN,NaN,NaN,NaN,NaN,NaN,NaN,NaN,NaN,NaN,NaN,NaN,NaN,NaN,NaN,NaN
NaN,NaN,NaN,NaN,NaN,NaN,NaN,NaN,NaN,NaN,NaN,NaN,NaN,NaN,NaN,NaN,NaN,NaN,NaN,NaN,NaN,NaN
NaN,NaN,NaN,NaN,NaN,NaN,NaN,NaN,NaN,NaN,NaN,NaN,NaN,NaN,NaN,NaN,NaN,NaN,NaN,NaN,NaN,NaN
NaN,NaN,NaN,NaN,NaN,NaN,NaN,NaN,NaN,NaN,NaN,NaN,NaN,NaN,NaN,NaN,NaN,NaN,NaN,NaN,NaN,NaN
NaN,NaN,NaN,NaN,NaN,NaN,NaN,NaN,NaN,NaN,NaN,NaN,NaN,NaN,NaN,NaN,NaN,NaN,NaN,NaN,NaN,NaN
NaN,NaN,NaN,NaN,NaN,NaN,NaN,NaN,NaN,NaN,NaN,NaN,NaN,NaN,NaN,NaN,NaN,NaN,NaN,NaN,NaN,NaN
NaN,NaN,NaN,NaN,NaN,NaN,NaN,NaN,NaN,NaN,NaN,NaN,NaN,NaN,NaN,NaN,NaN,NaN,NaN,NaN,NaN,NaN
NaN,NaN,NaN,NaN,NaN,NaN,NaN,NaN,NaN,NaN,NaN,NaN,NaN,NaN,NaN,NaN,NaN,NaN,NaN,NaN,NaN,NaN
NaN,NaN,NaN,NaN,NaN,NaN,NaN,NaN,NaN,NaN,NaN,NaN,NaN,NaN,NaN,NaN,NaN,NaN,NaN,NaN,NaN,NaN
NaN,NaN,NaN,NaN,NaN,NaN,NaN,NaN,NaN,NaN,NaN,NaN,NaN,NaN,NaN,NaN,NaN,NaN,NaN,NaN,NaN,NaN
NaN,NaN,NaN,NaN,NaN,NaN,NaN,NaN,NaN,NaN,NaN,NaN,NaN,NaN,NaN,NaN,NaN,NaN,NaN,NaN,NaN,NaN
NaN,NaN,NaN,NaN,NaN,NaN,NaN,NaN,NaN,NaN,NaN,NaN,NaN,NaN,NaN,NaN,NaN,NaN,NaN,NaN,NaN,NaN
NaN,NaN,NaN,NaN,NaN,NaN,NaN,NaN,NaN,NaN,NaN,NaN,NaN,NaN,NaN,NaN,NaN,NaN,NaN,NaN,NaN,NaN
NaN,NaN,NaN,NaN,NaN,NaN,NaN,NaN,NaN,NaN,NaN,NaN,NaN,NaN,NaN,NaN,NaN,NaN,NaN,NaN,NaN,NaN
NaN,NaN,NaN,NaN,NaN,NaN,NaN,NaN,NaN,NaN,NaN,NaN,NaN,NaN,NaN,NaN,NaN,NaN,NaN,NaN,NaN,NaN
NaN,NaN,NaN,NaN,NaN,NaN,NaN,NaN,NaN,NaN,NaN,NaN,NaN,NaN,NaN,NaN,NaN,NaN,NaN,NaN,NaN,NaN
